{
    // See https://go.microsoft.com/fwlink/?LinkId=733558
    // for the documentation about the tasks.json format
    "version": "0.1.0",
    "command": "gulp",
    "isShellCommand": true,
    "args": ["--no-color"],
    "showOutput": "always",
    "tasks": [
        {
            "taskName": "default",
            "args": [],
            "isBuildCommand": true,
            "isWatching": false,
            "problemMatcher": [
                "$lessCompile",
                "$tsc",
                "$jshint"
            ]
        }
    ]
}